kategorie,puvodni_nazev,novy_nazev,popis
kvarteta_a_hraci_karty,karta_Červené_7.png,priroda_hnizdo_zazitky.webp,hnízdo s vejci v přírodě
kvarteta_a_hraci_karty,karta_Červené_7-2.png,neutralni_ruzova_tkanina.webp,růžová tkanina/textil
kvarteta_a_hraci_karty,karta_Červené_8.png,epic_zlaty_jantar.webp,vážka v jantaru / zlatý motiv
kvarteta_a_hraci_karty,karta_Červené_8-2.png,mytologie_magicky_symbol.webp,magický symbol
kvarteta_a_hraci_karty,karta_Červené_9.png,mytologie_kristal_fialovy.webp,fialový krystal
kvarteta_a_hraci_karty,karta_Červené_9-2.png,neutralni_nocni_hvezdy_1.webp,noční hvězdy varianta 1
kvarteta_a_hraci_karty,karta_Červené_10.png,dinosaurus_priroda_voda.webp,dinosauři u řeky v přírodě
kvarteta_a_hraci_karty,karta_Červené_10-2.png,epic_zlaty_ornament.webp,zlatý ornamentální vzor
kvarteta_a_hraci_karty,karta_Červené_Spodek.png,priroda_zelene_listy_motiv.webp,zelené listy ornament
kvarteta_a_hraci_karty,karta_Červené_Spodek-2.png,neutralni_kremova_tkanina.webp,krémová tkanina/textil
kvarteta_a_hraci_karty,karta_Červené_Svršek.png,drak_zlate_kovove_supiny.webp,drak zlaté kovové šupiny
kvarteta_a_hraci_karty,karta_Červené_Svršek-2.png,rytir_cervene_krizky_erb.webp,rytířský erb s červenými křížky
kvarteta_a_hraci_karty,karta_Červené_Král.png,drak_vicebarevne_supiny.webp,drak vícebarevné šupiny
kvarteta_a_hraci_karty,karta_Červené_Král-2.png,neutralni_nocni_hvezdy_2.webp,noční hvězdy varianta 2
kvarteta_a_hraci_karty,karta_Červené_Eso.png,priroda_zelene_listy.webp,zelené listy příroda
kvarteta_a_hraci_karty,karta_Červené_Eso-2.png,neutralni_bezova_tkanina.webp,béžová tkanina/textil
kvarteta_a_hraci_karty,karta_Kule_7.png,led_kristaly_modre.webp,modré ledové krystaly
kvarteta_a_hraci_karty,karta_Kule_8.png,priroda_zelene_neonove_listy.webp,neonově zelené listy
kvarteta_a_hraci_karty,karta_Kule_9.png,priroda_korova_supina_zrzava.webp,zrzavá kůra/šupiny
kvarteta_a_hraci_karty,karta_Kule_10.png,drak_zlate_oko_ohnive.webp,zlaté ohnivé oko draka
kvarteta_a_hraci_karty,karta_Kule_Spodek.png,drak_cerveny_ohnivy.webp,červený ohnivý drak
kvarteta_a_hraci_karty,karta_Kule_Svršek.png,mytologie_ledovy_drak_hvezdy.webp,ledový drak s hvězdami
kvarteta_a_hraci_karty,karta_Kule_Král.png,priroda_zeleny_demon_listi.webp,zelené démonické listí
kvarteta_a_hraci_karty,karta_Kule_Eso.png,epic_zlate_perie.webp,zlaté peří motiv
kvarteta_a_hraci_karty,karta_Zelené_7.png,priroda_kamen_supina_oranzova.webp,oranžové kamenné šupiny
kvarteta_a_hraci_karty,karta_Zelené_7-2.png,neutralni_modra_geometrie.webp,modrá geometrie
kvarteta_a_hraci_karty,karta_Zelené_8.png,priroda_ohniva_lava.webp,ohnivá láva v přírodě
kvarteta_a_hraci_karty,karta_Zelené_8-2.png,rytir_zamek_nocni_mesic.webp,zámek v noci s měsícem
kvarteta_a_hraci_karty,karta_Zelené_9.png,led_snih_vlocky.webp,sněhové vločky
kvarteta_a_hraci_karty,karta_Zelené_9-2.png,neutralni_rezava_metalika.webp,rezavě-červená metalická textura
kvarteta_a_hraci_karty,karta_Zelené_10.png,mytologie_alchymie_runy.webp,alchymistické runy
kvarteta_a_hraci_karty,karta_Zelené_10-2.png,neutralni_seda_textura.webp,šedá textura
kvarteta_a_hraci_karty,karta_Zelené_Spodek.png,mytologie_runy_spiraly.webp,runy a spirály
kvarteta_a_hraci_karty,karta_Zelené_Spodek-2.png,mytologie_hvezdy_gradient.webp,hvězdný gradient
kvarteta_a_hraci_karty,karta_Zelené_Svršek.png,drak_zlate_supiny_detail.webp,detail zlatých dračích šupin
kvarteta_a_hraci_karty,karta_Zelené_Svršek-2.png,rytir_zbran_brneni_erb.webp,zbraně a brnění erbu
kvarteta_a_hraci_karty,karta_Zelené_Král.png,mytologie_drak_fialovy_znak.webp,fialový drak symbol
kvarteta_a_hraci_karty,karta_Zelené_Král-2.png,rytir_erb_srdce_hvezdy.webp,rytířský erb se srdcem a hvězdami
kvarteta_a_hraci_karty,karta_Zelené_Eso.png,drak_cerveny_planouci_zivly.webp,červený planoucí drak živly
kvarteta_a_hraci_karty,karta_Zelené_Eso-2.png,neutralni_zlata_metalika.webp,zlatá metalická textura
kvarteta_a_hraci_karty,karta_Žaludy_7.png,kocka_seda_srst.webp,šedá kočičí srst
kvarteta_a_hraci_karty,karta_Žaludy_8.png,kocka_tribarevna_srst.webp,trojbarevná kočičí srst
kvarteta_a_hraci_karty,karta_Žaludy_9.png,kocka_oranzova_srst.webp,oranžová kočičí srst
kvarteta_a_hraci_karty,karta_Žaludy_10.png,mytologie_zelena_mandala.webp,zelená mandala/geometrie
kvarteta_a_hraci_karty,karta_Žaludy_Spodek.png,mytologie_kristal_zarici_cyan.webp,zářící cyanový krystal
kvarteta_a_hraci_karty,karta_Žaludy_Svršek.png,mytologie_mec_blesk_zlaty.webp,zlatý meč s bleskem
kvarteta_a_hraci_karty,karta_Žaludy_Král.png,priroda_strom_pamatny.webp,památný/posvátný strom
kvarteta_a_hraci_karty,karta_Žaludy_Eso.png,mytologie_runy_zlate_modre.webp,zlato-modré runy s magií
pexeso,karta_pex_1.png,pexeso_hnizdo_vejce.webp,hnízdo s vejci
pexeso,karta_pex_1-2.png,pexeso_ledova_mandala.webp,ledová mandala
pexeso,karta_pex_1-3.png,pexeso_rozeta_ruzova.webp,růžová rozeta
pexeso,karta_pex_2.png,pexeso_vaza_libka.webp,váza s lebkou
pexeso,karta_pex_2-2.png,pexeso_listnaty_motiv.webp,listnatý vzor
pexeso,karta_pex_2-3.png,pexeso_zlata_divka.webp,zlatá dívka
pexeso,karta_pex_3.png,pexeso_lotus_fialovy.webp,fialový lotos
pexeso,karta_pex_3-2.png,pexeso_kridla_andelska.webp,andělská křídla
pexeso,karta_pex_3-3.png,pexeso_hvezdy_modre.webp,modré hvězdy
pexeso,karta_pex_4.png,pexeso_dinosaurus_jungle.webp,dinosaurus v džungli
pexeso,karta_pex_4-2.png,pexeso_dracich_oci.webp,dračí oči
pexeso,karta_pex_4-3.png,pexeso_spiraly_zlate.webp,zlaté spirály
pexeso,karta_pex_5.png,pexeso_ptak_ornament.webp,pták v ornamentu
pexeso,karta_pex_5-2.png,pexeso_netopyr_kostry.webp,netopýr s kostmi
pexeso,karta_pex_5-3.png,pexeso_gradient_ruzovy.webp,růžový gradient
pexeso,karta_pex_6.png,pexeso_mrizka_zlata.webp,zlatá mřížka
pexeso,karta_pex_6-2.png,pexeso_vir_nocni_modry.webp,noční modrý vír
pexeso,karta_pex_6-3.png,pexeso_kriz_cerveny.webp,červený kříž
pexeso,karta_pex_7.png,pexeso_diamanty_barevne.webp,barevné diamanty
pexeso,karta_pex_7-2.png,pexeso_koren_zeleny.webp,zelený kořen
pexeso,karta_pex_7-3.png,pexeso_hvezdy_bile_v_mraku.webp,bílé hvězdy v mraku
pexeso,karta_pex_8.png,pexeso_listy_zelene.webp,zelené listy
pexeso,karta_pex_8-2.png,pexeso_peritka_zlata.webp,zlatá peříčka
pexeso,karta_pex_8-3.png,pexeso_platno_bezove.webp,béžové plátno
pexeso,karta_pex_9.png,pexeso_damask_hnedy.webp,hnědý damask
pexeso,karta_pex_9-2.png,pexeso_srst_seda.webp,šedá srst
pexeso,karta_pex_9-3.png,pexeso_tvar_modry.webp,modrý tvar
pexeso,karta_pex_10.png,pexeso_lava_cervena.webp,červená láva
pexeso,karta_pex_10-2.png,pexeso_srstenec_hnedy.webp,hnědé srstí
pexeso,karta_pex_10-3.png,pexeso_zamek_sny.webp,pohádkový zámek
pexeso,karta_pex_11.png,pexeso_led_modry.webp,modrý led
pexeso,karta_pex_11-2.png,pexeso_srst_rezava.webp,rezavá srst
pexeso,karta_pex_11-3.png,pexeso_miska_rezava.webp,rezavá miska
pexeso,karta_pex_12.png,pexeso_astrologie_zlata.webp,zlatá astrologie
pexeso,karta_pex_12-2.png,pexeso_ctverec_zeleny.webp,zelený čtverec
pexeso,karta_pex_12-3.png,pexeso_material_sedy.webp,šedý materiál
pexeso,karta_pex_13.png,pexeso_mandala_vesmir.webp,vesmírná mandala
pexeso,karta_pex_13-2.png,pexeso_mandala_tyrkysova.webp,tyrkysová mandala
pexeso,karta_pex_13-3.png,pexeso_hvezdy_jemne.webp,jemné hvězdy
pexeso,karta_pex_14.png,pexeso_phoenix_zlaty.webp,zlatý fénix
pexeso,karta_pex_14-2.png,pexeso_kriz_blesk.webp,kříž s bleskem
pexeso,karta_pex_14-3.png,pexeso_maska_lidska.webp,lidská maska
pexeso,karta_pex_15.png,pexeso_zmije_fialova.webp,fialová zmije
pexeso,karta_pex_15-2.png,pexeso_strom_zapad.webp,strom při západu slunce
pexeso,karta_pex_15-3.png,pexeso_rytir_srdce.webp,rytíř se srdcem
pexeso,karta_pex_16.png,pexeso_drak_plameny.webp,drak v plamenech
pexeso,karta_pex_16-2.png,pexeso_zodiak_modry.webp,modrý zodiak
pexeso,karta_pex_16-3.png,pexeso_material_zlaty.webp,zlatý materiál
hraci_karty,zadni roztomily jednorozci.png,hraci_roztomili_jednorozci_1.webp,roztomilí jednorožci varianta 1
hraci_karty,zadni roztomily jednorozci 2.png,hraci_roztomili_jednorozci_2.webp,roztomilí jednorožci varianta 2
hraci_karty,zadni roztomily jednorozci 3.png,hraci_roztomili_jednorozci_3.webp,roztomilí jednorožci varianta 3
hraci_karty,zadni strana husty jednorozci.png,hraci_husty_jednorozci_1.webp,hustá kompozice jednorožců varianta 1
hraci_karty,zadni strana husty jednorozci 2.png,hraci_husty_jednorozci_2.webp,hustá kompozice jednorožců varianta 2
hraci_karty,zadni strana mandala.png,hraci_mandala.webp,mandala
hraci_karty,zadni strana mece bliz.png,hraci_mece_blizko.webp,meče zblízka
kvarteta,karta_auta_1A.png,auta_1a.webp,zvířecí auta 1A
kvarteta,karta_auta_1B.png,auta_1b.webp,zvířecí auta 1B
kvarteta,karta_auta_1C.png,auta_1c.webp,zvířecí auta 1C
kvarteta,karta_auta_1D.png,auta_1d.webp,zvířecí auta 1D
kvarteta,karta_auta_2B.png,auta_2b.webp,zvířecí auta 2B
kvarteta,karta_auta_2C.png,auta_2c.webp,zvířecí auta 2C
kvarteta,karta_auta_2D.png,auta_2d.webp,zvířecí auta 2D
hraci_karty,čaroděj.png,kouzla_carodej.webp,čaroděj / kouzelník
hraci_karty,hrad HP.png,kouzla_hrad.webp,kouzelnický hrad
